age_group,susceptibility,prob_sympt
0 to 9,0.4,0.29
5 to 19,0.387117014,0.238468054
20 to 29,0.79,0.27
30 to 39,0.86,0.33
40 to 49,0.8,0.4
50 to 59,0.82,0.49
60+,0.832372045,0.650411981
